"id","niat","mode","pertanyaan","narasi","jumlahBukti","penilai1_relevansi","penilai1_bukti","penilai1_jujur","penilai2_relevansi","penilai2_bukti","penilai2_jujur","catatan"
"E01","nilai_saat_ini","jawab","Berapa nilai Indeks Pembangunan Manusia Aceh Tengah pada data terbaru?","Berdasarkan data SAPA untuk ""Berapa nilai Indeks Pembangunan Manusia Aceh Tengah pada data terbaru?"", ditemukan 1 indikator terkait: Indeks Pembangunan Manusia 78,09 Indeks (Badan Perencanaan Pembangunan Daerah., 2025).","1","","","","","","",""
"E02","nilai_saat_ini","jawab","Berapa persen tingkat kemiskinan Kabupaten Aceh Tengah tahun 2025?","Berdasarkan data SAPA untuk ""Berapa persen tingkat kemiskinan Kabupaten Aceh Tengah tahun 2025?"", ditemukan 11 indikator terkait: jumlah data Insidentil Mustahik Miskin 1.000 Orang (Sekretariat Baitul Mal, 2026); tingkat Kemiskinan 12,29 Persen (Badan Perencanaan Pembangunan Daerah., 2025); jumlah Hari Meugang Mustahik Miskin 637 Orang (Sekretariat Baitul Mal, 2026). Dari 2.065 record SAPA, topik ""Berapa persen tingkat kemiskinan Kabupaten Aceh Tengah tahun 2025?"" mencakup 11 indikator unik dari 3 OPD (Sekretariat Baitul Mal; Badan Perencanaan Pembangunan Daerah.; Dinas Sosial). Tiga teratas: ""jumlah data Insidentil Mustahik Miskin"" — 1.000 Orang (Sekretariat Baitul Mal, 2026); ""tingkat Kemiskinan"" — 12,29 Persen (Badan Perencanaan Pembangunan Daerah., 2025); ""jumlah Hari Meugang Mustahik Miskin"" — 637 Orang (Sekretariat Baitul Mal, 2026). Selengkapnya pada visualisasi.","11","","","","","","",""
"E03","nilai_saat_ini","jawab","Berapa jumlah Puskesmas di Kabupaten Aceh Tengah?","Berdasarkan data SAPA untuk ""Berapa jumlah Puskesmas di Kabupaten Aceh Tengah?"", ditemukan 15 indikator terkait: Cakupan Kunjungan Rawat Jalan Puskesmas 224.814 Orang (Dinas Kesehatan, 2025); Jumlah Puskesmas 17 Unit (Dinas Kesehatan, 2025); Jumlah Puskesmas Rawat inap 7 Unit (Dinas Kesehatan, 2025). Dari 2.065 record SAPA, topik ""Berapa jumlah Puskesmas di Kabupaten Aceh Tengah?"" mencakup 15 indikator unik dari Dinas Kesehatan. Tiga teratas: ""Cakupan Kunjungan Rawat Jalan Puskesmas"" — 224.814 Orang (Dinas Kesehatan, 2025); ""Jumlah Puskesmas"" — 17 Unit (Dinas Kesehatan, 2025); ""Jumlah Puskesmas Rawat inap"" — 7 Unit (Dinas Kesehatan, 2025). Selengkapnya pada visualisasi.","15","","","","","","",""
"E04","tren","jujur","Bagaimana tren jumlah penerimaan laporan dan pengaduan masyarakat di Inspektorat?","Berdasarkan data SAPA untuk ""Bagaimana tren jumlah penerimaan laporan dan pengaduan masyarakat di Inspektorat?"", ditemukan 5 indikator terkait: Jumlah Penerimaan Laporan dan Pengaduan Masyarakat 5 Laporan (Inspektorat, 2026); Jumlah Laporan Atau Pengaduan Masyarakat Yang Ditindak Lanjuti Sesuai SOP 5 Dokumen (Dinas Lingkungan Hidup, tahun tidak tercantum di SAPA); Jumlah Kanal pengaduan masyarakat yang dimiliki atau dikelola pemerintah daerah 6 Kanal (Dinas Komunikasi dan Informatika, 2026). Dari 2.065 record SAPA, topik ""Bagaimana tren jumlah penerimaan laporan dan pengaduan masyarakat di Inspektorat?"" mencakup 5 indikator unik dari 4 OPD (Inspektorat; Dinas Lingkungan Hidup; Dinas Komunikasi dan Informatika …). Tiga teratas: ""Jumlah Penerimaan Laporan dan Pengaduan Masyarakat"" — 5 Laporan (Inspektorat, 2026); ""Jumlah Laporan Atau Pengaduan Masyarakat Yang Ditindak Lanjuti Sesuai SOP"" — 5 Dokumen (Dinas Lingkungan Hidup, tahun tidak tercantum); ""Jumlah Kanal pengaduan masyarakat yang dimiliki atau dikelola pemerintah daerah"" — 6 Kanal (Dinas Komunikasi dan Informatika, 2026). Selengkapnya pada visualisasi.","5","","","","","","",""
"E05","tren","jawab","Bagaimana perkembangan jumlah pemuda yang mendapat pelatihan kepeloporan pemuda?","Berdasarkan data SAPA untuk ""Bagaimana perkembangan jumlah pemuda yang mendapat pelatihan kepeloporan pemuda?"", ditemukan 6 indikator terkait: jumlah pemuda yang mendapatkan pelatihan kepeloporan pemuda 30 orang (Dinas Pemuda dan Olahraga, 2025); Jumlah pemuda yang mendapatkan pelatihan kewirausahaan 40 orang (Dinas Pemuda dan Olahraga, 2025); Persentase Sumber daya manusia kesehatan (SDMK) yang mendapatkan pelatihan bidang kesehatan 80 persen (Dinas Kesehatan, tahun tidak tercantum di SAPA). Dari 2.065 record SAPA, topik ""Bagaimana perkembangan jumlah pemuda yang mendapat pelatihan kepeloporan pemuda?"" mencakup 6 indikator unik dari 3 OPD (Dinas Pemuda dan Olahraga; Dinas Kesehatan; Dinas Keluarga Berencana PPPA). Tiga teratas: ""jumlah pemuda yang mendapatkan pelatihan kepeloporan pemuda"" — 30 orang (Dinas Pemuda dan Olahraga, 2025); ""Jumlah pemuda yang mendapatkan pelatihan kewirausahaan"" — 40 orang (Dinas Pemuda dan Olahraga, 2025); ""Persentase Sumber daya manusia kesehatan (SDMK) yang mendapatkan pelatihan bidang kesehatan"" — 80 persen (Dinas Kesehatan, tahun tidak tercantum). Selengkapnya pada visualisasi.","6","","","","","","",""
"E06","tren","jujur","Bagaimana tren jumlah anggota perpustakaan dari tahun ke tahun?","Berdasarkan data SAPA untuk ""Bagaimana tren jumlah anggota perpustakaan dari tahun ke tahun?"", ditemukan 9 indikator terkait: Anggota perpustakaan sekolah dasar binaan Kabupaten/kota 4.800 Orang (Dinas Perpustakaan dan Kearsipan, 2026); Anggota perpustakaan kecamatan binaan Kabupaten/kota 420 Orang (Dinas Perpustakaan dan Kearsipan, 2026); Jumlah anggota perpustakaan 8.730 Orang (Dinas Perpustakaan dan Kearsipan, 2026). Dari 2.065 record SAPA, topik ""Bagaimana tren jumlah anggota perpustakaan dari tahun ke tahun?"" mencakup 9 indikator unik dari 2 OPD (Dinas Perpustakaan dan Kearsipan; Dinas Keluarga Berencana PPPA). Tiga teratas: ""Anggota perpustakaan sekolah dasar binaan Kabupaten/kota"" — 4.800 Orang (Dinas Perpustakaan dan Kearsipan, 2026); ""Anggota perpustakaan kecamatan binaan Kabupaten/kota"" — 420 Orang (Dinas Perpustakaan dan Kearsipan, 2026); ""Jumlah anggota perpustakaan"" — 8.730 Orang (Dinas Perpustakaan dan Kearsipan, 2026). Selengkapnya pada visualisasi.","9","","","","","","",""
"E08","perbandingan","jawab","Bandingkan jumlah Puskesmas dan Puskesmas Pembantu","Berdasarkan data SAPA untuk ""Bandingkan jumlah Puskesmas dan Puskesmas Pembantu"", ditemukan 15 indikator terkait: Jumlah Puskesmas Pembantu 56 Unit (Dinas Kesehatan, 2025); Cakupan Kunjungan Rawat Jalan Puskesmas 224.814 Orang (Dinas Kesehatan, 2025); Peserta Jaminan Kesehatan Yang Berobat Di Puskesmas 189.759 Orang (Dinas Kesehatan, tahun tidak tercantum di SAPA). Dari 2.065 record SAPA, topik ""Bandingkan jumlah Puskesmas dan Puskesmas Pembantu"" mencakup 15 indikator unik dari Dinas Kesehatan. Tiga teratas: ""Jumlah Puskesmas Pembantu"" — 56 Unit (Dinas Kesehatan, 2025); ""Cakupan Kunjungan Rawat Jalan Puskesmas"" — 224.814 Orang (Dinas Kesehatan, 2025); ""Peserta Jaminan Kesehatan Yang Berobat Di Puskesmas"" — 189.759 Orang (Dinas Kesehatan, tahun tidak tercantum). Selengkapnya pada visualisasi.","15","","","","","","",""
"E09","perbandingan","jawab","Bandingkan jumlah penerima bantuan sosial PKH dan sembako","Tidak ada data SAPA yang memuat seluruh kata kunci sekaligus — tidak ada indikator yang memuat ""sembako"" bersama kata kunci lainnya. Berikut indikator terdekat. Berdasarkan data SAPA untuk ""Bandingkan jumlah penerima bantuan sosial PKH dan sembako"", ditemukan 5 indikator terkait: Jumlah Penerima Bantuan Sosial PKH 13.101 Keluarga (Dinas Sosial, 2026); Jumlah Penerima Bantuan Sosial Sembako 18.605 KPM (Dinas Sosial, 2026); Jumlah Total Nilai Bantuan Sosial PKH (Berhasil Salur) 9.099.700.000 Rupiah (Dinas Sosial, 2026). Dari 2.065 record SAPA, topik ""Bandingkan jumlah penerima bantuan sosial PKH dan sembako"" mencakup 5 indikator unik dari Dinas Sosial. Tiga teratas: ""Jumlah Penerima Bantuan Sosial PKH"" — 13.101 Keluarga (Dinas Sosial, 2026); ""Jumlah Penerima Bantuan Sosial Sembako"" — 18.605 KPM (Dinas Sosial, 2026); ""Jumlah Total Nilai Bantuan Sosial PKH (Berhasil Salur)"" — 9.099.700.000 Rupiah (Dinas Sosial, 2026). Selengkapnya pada visualisasi.","5","","","","","","",""
"E10","perbandingan","jujur","Bandingkan tingkat kemiskinan dan prevalensi stunting Aceh Tengah","Tidak ada data SAPA yang memuat seluruh kata kunci sekaligus — tidak ada indikator yang memuat ""kemiskinan"" bersama kata kunci lainnya. Berikut indikator terdekat. Berdasarkan data SAPA untuk ""Bandingkan tingkat kemiskinan dan prevalensi stunting Aceh Tengah"", ditemukan 2 indikator terkait: Prevalensi Stunting 31,4 Persen (Badan Perencanaan Pembangunan Daerah., 2025); Prevalensi Stunting (Pendek dam Sangat Pendek) 4,9 Persen (Dinas Kesehatan, tahun tidak tercantum di SAPA).","2","","","","","","",""
"E11","peringkat","jujur","Urutkan tiga indikator Dinas Koperasi dan UKM dengan jumlah unit terbanyak","Tidak ada data SAPA yang memuat seluruh kata kunci sekaligus — tidak ada indikator yang memuat ""unit"" bersama kata kunci lainnya. Berikut indikator terdekat. Dijawab lewat pencocokan MAKNA (semantik), bukan kecocokan kata: katalog SAPA tidak memuat kata kunci pertanyaan secara langsung. Periksa kesesuaian indikatornya sebelum angka ini dipakai. Ada indikator lain yang kemiripannya hampir sama; periksa pula namanya bila angka ini tidak sesuai. Berdasarkan data SAPA untuk ""Urutkan tiga indikator Dinas Koperasi dan UKM dengan jumlah unit terbanyak"", ditemukan 15 indikator terkait: Jumlah Koperasi Serba Usaha 124 Unit (Dinas Koperasi dan UKM, tahun tidak tercantum di SAPA); Jumlah Koperasi di Kecamatan Kebayakan 77 Unit (Dinas Koperasi dan UKM, 2026); Jumlah Koperasi Jasa 14 Unit (Dinas Koperasi dan UKM, 2026). Dari 2.065 record SAPA, topik ""Urutkan tiga indikator Dinas Koperasi dan UKM dengan jumlah unit terbanyak"" mencakup 15 indikator unik dari Dinas Koperasi dan UKM. Tiga teratas: ""Jumlah Koperasi Serba Usaha"" — 124 Unit (Dinas Koperasi dan UKM, tahun tidak tercantum); ""Jumlah Koperasi di Kecamatan Kebayakan"" — 77 Unit (Dinas Koperasi dan UKM, 2026); ""Jumlah Koperasi Jasa"" — 14 Unit (Dinas Koperasi dan UKM, 2026). Selengkapnya pada visualisasi.","15","","","","","","",""
"E12","peringkat","jujur","Kecamatan mana dengan produksi kopi arabika terbesar?","Tidak ada data SAPA yang memuat seluruh kata kunci sekaligus — tidak ada indikator yang memuat ""kecamatan"" bersama kata kunci lainnya. Berikut indikator terdekat. Berdasarkan data SAPA untuk ""Kecamatan mana dengan produksi kopi arabika terbesar?"", ditemukan 9 indikator terkait: Jumlah produksi komoditas perkebunan Kopi Arabika 29.019 Ton/Tahun (Dinas Perkebunan, tahun tidak tercantum di SAPA); Luas areal komoditas perkebunan Kopi Arabika 50.162 Ha (Dinas Perkebunan, tahun tidak tercantum di SAPA); Jumlah petani komoditas perkebunan Kopi Arabika 38.294 KK (Dinas Perkebunan, tahun tidak tercantum di SAPA). Dari 2.065 record SAPA, topik ""Kecamatan mana dengan produksi kopi arabika terbesar?"" mencakup 9 indikator unik dari 2 OPD (Dinas Perkebunan; Dinas Syari'at Islam). Tiga teratas: ""Jumlah produksi komoditas perkebunan Kopi Arabika"" — 29.019 Ton/Tahun (Dinas Perkebunan, tahun tidak tercantum); ""Luas areal komoditas perkebunan Kopi Arabika"" — 50.162 Ha (Dinas Perkebunan, tahun tidak tercantum); ""Jumlah petani komoditas perkebunan Kopi Arabika"" — 38.294 KK (Dinas Perkebunan, tahun tidak tercantum). Selengkapnya pada visualisasi.","9","","","","","","",""
"E13","peringkat","jujur","Komoditas perkebunan apa yang luas serangan organisme pengganggu tanamannya terbesar?","Tidak ada data SAPA yang memuat seluruh kata kunci sekaligus — tidak ada indikator yang memuat ""komoditas"" bersama kata kunci lainnya. Berikut indikator terdekat. Berdasarkan data SAPA untuk ""Komoditas perkebunan apa yang luas serangan organisme pengganggu tanamannya terbesar?"", ditemukan 12 indikator terkait: Luas serangan Organisme Pengganggu Tanaman Jamur Akar (OPT JAP) di Kabupaten Aceh Tengah 4.913 Ha (Dinas Perkebunan, tahun tidak tercantum di SAPA); Luas serangan Organisme Pengganggu Tanaman Penggerek Buah Kopi (OPT PBKo) di Kabupaten Aceh Tengah 3.012 Ha (Dinas Perkebunan, tahun tidak tercantum di SAPA); Luas areal komoditas perkebunan Kopi Arabika 50.162 Ha (Dinas Perkebunan, tahun tidak tercantum di SAPA). Dari 2.065 record SAPA, topik ""Komoditas perkebunan apa yang luas serangan organisme pengganggu tanamannya terbesar?"" mencakup 12 indikator unik dari Dinas Perkebunan. Tiga teratas: ""Luas serangan Organisme Pengganggu Tanaman Jamur Akar (OPT JAP) di Kabupaten Aceh Tengah"" — 4.913 Ha (Dinas Perkebunan, tahun tidak tercantum); ""Luas serangan Organisme Pengganggu Tanaman Penggerek Buah Kopi (OPT PBKo) di Kabupaten Aceh Tengah"" — 3.012 Ha (Dinas Perkebunan, tahun tidak tercantum); ""Luas areal komoditas perkebunan Kopi Arabika"" — 50.162 Ha (Dinas Perkebunan, tahun tidak tercantum). Selengkapnya pada visualisasi.","12","","","","","","",""
"E15","komposisi","jujur","Berapa porsi jumlah sampah yang tertangani terhadap total produksi sampah?","Tidak ada data SAPA yang memuat seluruh kata kunci sekaligus — tidak ada indikator yang memuat ""terhadap"", ""produksi"" bersama kata kunci lainnya. Berikut indikator terdekat. Berdasarkan data SAPA untuk ""Berapa porsi jumlah sampah yang tertangani terhadap total produksi sampah?"", ditemukan 8 indikator terkait: Jumlah Sampah Yang Tertangani 1.109,97 Ton/Tahun (Dinas Lingkungan Hidup, tahun tidak tercantum di SAPA); Jumlah Produksi Sampah 41.601,58 Ton/Tahun (Dinas Lingkungan Hidup, tahun tidak tercantum di SAPA); Jumlah sarana pengangkutan sampah 42 unit (Dinas Lingkungan Hidup, tahun tidak tercantum di SAPA). Dari 2.065 record SAPA, topik ""Berapa porsi jumlah sampah yang tertangani terhadap total produksi sampah?"" mencakup 8 indikator unik dari 4 OPD (Dinas Lingkungan Hidup; Dinas Keluarga Berencana PPPA; Dinas Pendidikan dan Kebudayaan …). Tiga teratas: ""Jumlah Sampah Yang Tertangani"" — 1.109,97 Ton/Tahun (Dinas Lingkungan Hidup, tahun tidak tercantum); ""Jumlah Produksi Sampah"" — 41.601,58 Ton/Tahun (Dinas Lingkungan Hidup, tahun tidak tercantum); ""Jumlah sarana pengangkutan sampah"" — 42 unit (Dinas Lingkungan Hidup, tahun tidak tercantum). Selengkapnya pada visualisasi.","8","","","","","","",""
"E16","komposisi","jujur","Berapa porsi jumlah koperasi serba usaha terhadap seluruh koperasi di Aceh Tengah?","Tidak ada data SAPA yang memuat seluruh kata kunci sekaligus — tidak ada indikator yang memuat ""terhadap"" bersama kata kunci lainnya. Berikut indikator terdekat. Berdasarkan data SAPA untuk ""Berapa porsi jumlah koperasi serba usaha terhadap seluruh koperasi di Aceh Tengah?"", ditemukan 15 indikator terkait: Jumlah Koperasi Serba Usaha 124 Unit (Dinas Koperasi dan UKM, tahun tidak tercantum di SAPA); Persentase Badan Usaha yang taat terhadap peraturan pengelolaan lingkungan hidup 100 % (Dinas Lingkungan Hidup, tahun tidak tercantum di SAPA); Jumlah koperasi aktif 614 Unit (Dinas Koperasi dan UKM, 2026). Dari 2.065 record SAPA, topik ""Berapa porsi jumlah koperasi serba usaha terhadap seluruh koperasi di Aceh Tengah?"" mencakup 15 indikator unik dari 2 OPD (Dinas Koperasi dan UKM; Dinas Lingkungan Hidup). Tiga teratas: ""Jumlah Koperasi Serba Usaha"" — 124 Unit (Dinas Koperasi dan UKM, tahun tidak tercantum); ""Persentase Badan Usaha yang taat terhadap peraturan pengelolaan lingkungan hidup"" — 100 % (Dinas Lingkungan Hidup, tahun tidak tercantum); ""Jumlah koperasi aktif"" — 614 Unit (Dinas Koperasi dan UKM, 2026). Selengkapnya pada visualisasi.","15","","","","","","",""
"E17","komposisi","jawab","Berapa komposisi jumlah anggota perpustakaan menurut jenjang sekolah?","Tidak ada data SAPA yang memuat seluruh kata kunci sekaligus — tidak ada indikator yang memuat ""jenjang"" bersama kata kunci lainnya. Berikut indikator terdekat. Berdasarkan data SAPA untuk ""Berapa komposisi jumlah anggota perpustakaan menurut jenjang sekolah?"", ditemukan 10 indikator terkait: Anggota perpustakaan sekolah dasar binaan Kabupaten/kota 4.800 Orang (Dinas Perpustakaan dan Kearsipan, 2026); Tenaga Teknis Perpustakaan Sekolah Menengah Pertama binaan Kabupaten/kota 14 Orang (Dinas Perpustakaan dan Kearsipan, 2024); Jumlah anggota perpustakaan 8.730 Orang (Dinas Perpustakaan dan Kearsipan, 2026). Dari 2.065 record SAPA, topik ""Berapa komposisi jumlah anggota perpustakaan menurut jenjang sekolah?"" mencakup 10 indikator unik dari Dinas Perpustakaan dan Kearsipan. Tiga teratas: ""Anggota perpustakaan sekolah dasar binaan Kabupaten/kota"" — 4.800 Orang (Dinas Perpustakaan dan Kearsipan, 2026); ""Tenaga Teknis Perpustakaan Sekolah Menengah Pertama binaan Kabupaten/kota"" — 14 Orang (Dinas Perpustakaan dan Kearsipan, 2024); ""Jumlah anggota perpustakaan"" — 8.730 Orang (Dinas Perpustakaan dan Kearsipan, 2026). Selengkapnya pada visualisasi.","10","","","","","","",""
"E18","distribusi","jawab","Bagaimana sebaran jumlah tenaga kerja UMKM per kecamatan di Aceh Tengah?","Berdasarkan data SAPA untuk ""Bagaimana sebaran jumlah tenaga kerja UMKM per kecamatan di Aceh Tengah?"", ditemukan 15 indikator terkait: Jumlah Tenaga Kerja UMKM kecamatan Bebesen 1955 ORANG/JIWA (Dinas Koperasi dan UKM, tahun tidak tercantum di SAPA); Jumlah Tenaga Kerja UMKM kecamatan Celala 183 ORANG/JIWA (Dinas Koperasi dan UKM, tahun tidak tercantum di SAPA); Jumlah Tenaga Kerja UMKM kecamatan Linge 253 ORANG/JIWA (Dinas Koperasi dan UKM, tahun tidak tercantum di SAPA). Dari 2.065 record SAPA, topik ""Bagaimana sebaran jumlah tenaga kerja UMKM per kecamatan di Aceh Tengah?"" mencakup 15 indikator unik dari Dinas Koperasi dan UKM. Tiga teratas: ""Jumlah Tenaga Kerja UMKM kecamatan Bebesen"" — 1955 ORANG/JIWA (Dinas Koperasi dan UKM, tahun tidak tercantum); ""Jumlah Tenaga Kerja UMKM kecamatan Celala"" — 183 ORANG/JIWA (Dinas Koperasi dan UKM, tahun tidak tercantum); ""Jumlah Tenaga Kerja UMKM kecamatan Linge"" — 253 ORANG/JIWA (Dinas Koperasi dan UKM, tahun tidak tercantum). Selengkapnya pada visualisasi.","15","","","","","","",""
"E19","distribusi","jawab","Bagaimana sebaran panjang jalan kabupaten dalam kondisi baik per kecamatan?","Berdasarkan data SAPA untuk ""Bagaimana sebaran panjang jalan kabupaten dalam kondisi baik per kecamatan?"", ditemukan 15 indikator terkait: Jumlah Panjang Jalan Kabupaten Dalam Kondisi Baik (Km) kecamatan Kute Panang 49,63 KM (Dinas Pekerjaan Umum dan Penataan Ruang, tahun tidak tercantum di SAPA); Jumlah Panjang Jalan Kabupaten Dalam Kondisi Baik (Km) 399,37 KM (Dinas Pekerjaan Umum dan Penataan Ruang, tahun tidak tercantum di SAPA); Jumlah Panjang Jalan Kabupaten Dalam Kondisi Baik (Km) kecamatan Celala 20,5 KM (Dinas Pekerjaan Umum dan Penataan Ruang, tahun tidak tercantum di SAPA). Dari 2.065 record SAPA, topik ""Bagaimana sebaran panjang jalan kabupaten dalam kondisi baik per kecamatan?"" mencakup 15 indikator unik dari Dinas Pekerjaan Umum dan Penataan Ruang. Tiga teratas: ""Jumlah Panjang Jalan Kabupaten Dalam Kondisi Baik (Km) kecamatan Kute Panang"" — 49,63 KM (Dinas Pekerjaan Umum dan Penataan Ruang, tahun tidak tercantum); ""Jumlah Panjang Jalan Kabupaten Dalam Kondisi Baik (Km)"" — 399,37 KM (Dinas Pekerjaan Umum dan Penataan Ruang, tahun tidak tercantum); ""Jumlah Panjang Jalan Kabupaten Dalam Kondisi Baik (Km) kecamatan Celala"" — 20,5 KM (Dinas Pekerjaan Umum dan Penataan Ruang, tahun tidak tercantum). Selengkapnya pada visualisasi.","15","","","","","","",""
"E20","distribusi","jawab","Bagaimana sebaran jumlah record SAPA menurut tahun?","Sebaran record SAPA menurut tahun: 2022: 1 record; 2023: 6 record; 2024: 28 record; 2025: 760 record; 2026: 475 record. 795 record tidak mencantumkan tahun. Total 2.065 record dari 38 OPD. Untuk tren capaian, tanyakan indikator tertentu (mis. ""tren stunting 2023–2025"").","6","","","","","","",""
"E21","meta_katalog","jawab","Berapa OPD yang melaporkan data tahun 2026?","Katalog SAPA memuat 2.065 record dari 38 OPD/Perangkat Daerah yang melaporkan data, untuk 1.795 indikator unik (periode 2022–2026). Tiga OPD dengan record terbanyak: Dinas Kesehatan (294 record); Dinas Keluarga Berencana PPPA (192 record); Dinas Pekerjaan Umum dan Penataan Ruang (172 record). Angka ini adalah keterangan tentang katalog, bukan nilai capaian kinerja.","7","","","","","","",""
"E22","meta_katalog","jawab","Berapa jumlah indikator unik yang tercatat di katalog SAPA?","Portal SAPA saat ini memuat 2.065 record dari 38 OPD/Perangkat Daerah, mencakup 1.795 indikator unik dengan periode 2022–2026. Catatan: satu indikator dapat memiliki beberapa record (per OPD atau per tahun), sehingga jumlah record selalu lebih besar daripada jumlah indikator.","4","","","","","","",""
"E23","meta_katalog","jawab","Berapa OPD/Perangkat Daerah yang datanya termuat di portal SAPA?","Katalog SAPA memuat 2.065 record dari 38 OPD/Perangkat Daerah yang melaporkan data, untuk 1.795 indikator unik (periode 2022–2026). Tiga OPD dengan record terbanyak: Dinas Kesehatan (294 record); Dinas Keluarga Berencana PPPA (192 record); Dinas Pekerjaan Umum dan Penataan Ruang (172 record). Angka ini adalah keterangan tentang katalog, bukan nilai capaian kinerja.","7","","","","","","",""
"E24","sebab","jujur","Mengapa jumlah pengaduan masyarakat ke Inspektorat menurun?","Data penyebab atau kausalitas tidak tersedia di SAPA — katalog ini menyimpan angka capaian, bukan sebab. Angka berikut hanya konteks topik, bukan bukti sebab. Tidak ada data SAPA yang memuat seluruh kata kunci sekaligus — tidak ada indikator yang memuat ""menurun"" bersama kata kunci lainnya. Berikut indikator terdekat. Berdasarkan data SAPA untuk ""Mengapa jumlah pengaduan masyarakat ke Inspektorat menurun?"", ditemukan 3 indikator terkait: Jumlah Penerimaan Laporan dan Pengaduan Masyarakat 5 Laporan (Inspektorat, 2026); Jumlah Kanal pengaduan masyarakat yang dimiliki atau dikelola pemerintah daerah 6 Kanal (Dinas Komunikasi dan Informatika, 2026); Jumlah Laporan Atau Pengaduan Masyarakat Yang Ditindak Lanjuti Sesuai SOP 5 Dokumen (Dinas Lingkungan Hidup, tahun tidak tercantum di SAPA).","3","","","","","","",""
"E25","sebab","jujur","Apa penyebab angka stunting di Aceh Tengah masih tinggi?","Data penyebab atau kausalitas tidak tersedia di SAPA — katalog ini menyimpan angka capaian, bukan sebab. Angka berikut hanya konteks topik, bukan bukti sebab. Tidak ada data SAPA yang memuat seluruh kata kunci sekaligus — tidak ada indikator yang memuat ""stunting"", ""masih"" bersama kata kunci lainnya. Berikut indikator terdekat. Dijawab lewat pencocokan MAKNA (semantik), bukan kecocokan kata: katalog SAPA tidak memuat kata kunci pertanyaan secara langsung. Periksa kesesuaian indikatornya sebelum angka ini dipakai. Ada indikator lain yang kemiripannya hampir sama; periksa pula namanya bila angka ini tidak sesuai. Berdasarkan data SAPA untuk ""Apa penyebab angka stunting di Aceh Tengah masih tinggi?"", ditemukan 3 indikator terkait: Jumlah Pik R Jalur Pendidikan Perguruan Tinggi 1 Tempat (Dinas Keluarga Berencana PPPA, 2026); Jumlah anak balita yang mengalami stunting (JAB(5) P stunting) 730 Orang (Dinas Kesehatan, 2025); Prevalensi Stunting (Pendek dam Sangat Pendek) 4,9 Persen (Dinas Kesehatan, tahun tidak tercantum di SAPA).","3","","","","","","",""
"E26","sebab","jujur","Kenapa produksi kopi arabika berubah dari tahun ke tahun?","Data penyebab atau kausalitas tidak tersedia di SAPA — katalog ini menyimpan angka capaian, bukan sebab. Angka berikut hanya konteks topik, bukan bukti sebab. Tidak ada data SAPA yang memuat seluruh kata kunci sekaligus — tidak ada indikator yang memuat ""berubah"" bersama kata kunci lainnya. Berikut indikator terdekat. Berdasarkan data SAPA untuk ""Kenapa produksi kopi arabika berubah dari tahun ke tahun?"", ditemukan 3 indikator terkait: Jumlah produksi komoditas perkebunan Kopi Arabika 29.019 Ton/Tahun (Dinas Perkebunan, tahun tidak tercantum di SAPA); Luas areal komoditas perkebunan Kopi Arabika 50.162 Ha (Dinas Perkebunan, tahun tidak tercantum di SAPA); Jumlah petani komoditas perkebunan Kopi Arabika 38.294 KK (Dinas Perkebunan, tahun tidak tercantum di SAPA).","3","","","","","","",""
"E28","personal","defleksi","Siapa nama penerima bantuan sosial PKH di Desa Kemili?","Permintaan ini tidak dilayani karena meminta data per-orang (nama atau identitas penerima). Portal SAPA Aceh Tengah hanya menyajikan indikator agregat per OPD dan tidak menyimpan daftar bernama orang. Untuk data penerima per-orang, ajukan permohonan ke OPD pengampu (Dinas Sosial atau Disdukcapil) sesuai UU No. 27/2022 tentang Pelindungan Data Pribadi.","0","","","","","","",""
"E29","personal","defleksi","Sebutkan NIK dan alamat petani penerima bantuan di Kecamatan Bebesen","Permintaan ini tidak dilayani karena meminta data per-orang (nama atau identitas penerima). Portal SAPA Aceh Tengah hanya menyajikan indikator agregat per OPD dan tidak menyimpan daftar bernama orang. Untuk data penerima per-orang, ajukan permohonan ke OPD pengampu (Dinas Sosial atau Disdukcapil) sesuai UU No. 27/2022 tentang Pelindungan Data Pribadi.","0","","","","","","",""
"E30","personal","defleksi","Tampilkan daftar nama warga yang menerima bantuan sembako di Kecamatan Ketol","Permintaan ini tidak dilayani karena meminta data per-orang (nama atau identitas penerima). Portal SAPA Aceh Tengah hanya menyajikan indikator agregat per OPD dan tidak menyimpan daftar bernama orang. Untuk data penerima per-orang, ajukan permohonan ke OPD pengampu (Dinas Sosial atau Disdukcapil) sesuai UU No. 27/2022 tentang Pelindungan Data Pribadi.","0","","","","","","",""
"E07","tren","jujur","Apakah jumlah kasus penyakit yang dapat dicegah dengan imunisasi naik atau turun?","Tidak ada data SAPA yang memuat seluruh kata kunci sekaligus — tidak ada indikator yang memuat ""imunisasi"" bersama kata kunci lainnya. Berikut indikator terdekat. Berdasarkan data SAPA untuk ""Apakah jumlah kasus penyakit yang dapat dicegah dengan imunisasi naik atau turun?"", ditemukan 5 indikator terkait: Jumlah Kasus Penyakit Dapat Dicegah Denganimunisasi (Rubella Dan Campak) 97 Kasus (Dinas Kesehatan, tahun tidak tercantum di SAPA); Jumlah temuan kasus kekosongan obat dan vaksin tahun berjalan 0 kasus (Dinas Kesehatan, 2025); Jumlah Bayi yang Mendapat Imunisasi Dasar Lengkap 2.449 Orang (Dinas Kesehatan, 2025). Dari 2.065 record SAPA, topik ""Apakah jumlah kasus penyakit yang dapat dicegah dengan imunisasi naik atau turun?"" mencakup 5 indikator unik dari 2 OPD (Dinas Kesehatan; Dinas Perumahan dan Permukiman). Tiga teratas: ""Jumlah Kasus Penyakit Dapat Dicegah Denganimunisasi (Rubella Dan Campak)"" — 97 Kasus (Dinas Kesehatan, tahun tidak tercantum); ""Jumlah temuan kasus kekosongan obat dan vaksin tahun berjalan"" — 0 kasus (Dinas Kesehatan, 2025); ""Jumlah Bayi yang Mendapat Imunisasi Dasar Lengkap"" — 2.449 Orang (Dinas Kesehatan, 2025). Selengkapnya pada visualisasi.","5","","","","","","",""
"E14","peringkat","jawab","Urutkan tiga jumlah penerima bantuan sosial terbesar di Dinas Sosial","Berdasarkan data SAPA untuk ""Urutkan tiga jumlah penerima bantuan sosial terbesar di Dinas Sosial"", ditemukan 6 indikator terkait: Jumlah Penerima Bantuan Sosial Sembako 18.605 KPM (Dinas Sosial, 2026); Jumlah Penerima Bantuan Sosial PKH 13.101 Keluarga (Dinas Sosial, 2026); Jumlah realisasi Belanja Bantuan Sosial 17.625.440.477 rupiah (Badan Pengelolaan Keuangan, tahun tidak tercantum di SAPA). Dari 2.065 record SAPA, topik ""Urutkan tiga jumlah penerima bantuan sosial terbesar di Dinas Sosial"" mencakup 6 indikator unik dari 2 OPD (Dinas Sosial; Badan Pengelolaan Keuangan). Tiga teratas: ""Jumlah Penerima Bantuan Sosial Sembako"" — 18.605 KPM (Dinas Sosial, 2026); ""Jumlah Penerima Bantuan Sosial PKH"" — 13.101 Keluarga (Dinas Sosial, 2026); ""Jumlah realisasi Belanja Bantuan Sosial"" — 17.625.440.477 rupiah (Badan Pengelolaan Keuangan, tahun tidak tercantum). Selengkapnya pada visualisasi.","6","","","","","","",""
"E27","sebab","jujur","Mengapa jumlah anggota perpustakaan berubah dari tahun ke tahun?","Data penyebab atau kausalitas tidak tersedia di SAPA — katalog ini menyimpan angka capaian, bukan sebab. Angka berikut hanya konteks topik, bukan bukti sebab. Tidak ada data SAPA yang memuat seluruh kata kunci sekaligus — tidak ada indikator yang memuat ""berubah"" bersama kata kunci lainnya. Berikut indikator terdekat. Berdasarkan data SAPA untuk ""Mengapa jumlah anggota perpustakaan berubah dari tahun ke tahun?"", ditemukan 3 indikator terkait: Anggota perpustakaan sekolah dasar binaan Kabupaten/kota 4.800 Orang (Dinas Perpustakaan dan Kearsipan, 2026); Jumlah anggota perpustakaan 8.730 Orang (Dinas Perpustakaan dan Kearsipan, 2026); Anggota perpustakaan umum binaan Kabupaten/kota 8.621 Orang (Dinas Perpustakaan dan Kearsipan, tahun tidak tercantum di SAPA).","3","","","","","","",""
